14799177	509478961705807872	microsoft to buy mojang for $2 billion - report. deal to be finalised as early as this week. URL URL	0
1109500842	295944137948151809	a photo of black nurses saving the life of a kkk member. URL	1
469194846	387006700609228801	really? amber alert website goes dark under government shutdown URL	1
2350451702	445495350171013120	#prayforchristopher please rt/fav this it means u care and maybe chris brown will see this and will see that we care and smiles again	0
20012204	407267881131732992	watch: paul walker's last trailer for the film hours. the movie is set to release in two weeks. URL	0
83266089	357299879070023680	please read! do not purchase koch products. they're paying for zimmerman's attorney fees! URL	1
14216661	524925600318754816	the scene at the war memorial in ottawa URL URL	0
43182702	517051126466625536	colleen hufford was a white woman, hardly worth a mention from pres. obama (unlike #ferguson) URL URL	0
51241574	427689948398231552	actor eric lawson who portrayed the marlboro man dies from chronic obstructive pulmonary disease: URL	0
5695632	509031495101874176	breaking news: durex has not come out with a pumpkin spice condom URL URL	1
1367531	551135925862805504	19-year-old girl wakes up during brain surgery to ask doctors: ‘how’s it going?’ URL	0
15012486	524941041301225472	a canadian soldier has been shot at the country's national war memorial near parliament. URL URL	0
532617990	562090534945431552	'madden 15' predicted the patriots would win 28-24. which is exactly what happened. URL	0
28245852	529088963420909569	seriously?! i must be doing good in life. more fake #fluffydied shit popping up. URL	1
3108351	518870005677826050	hewlett-packard to split pc and printer business from corporate hardware and services: URL $hpq URL	0
127121446	554655549896159233	just heart breaking. french police commissioner commits suicide after meeting charliehebdo bereaved. URL	1
853428222	436195672677953536	"*reads things about talking angela* ""talking angela gets ur personal info"" ""talking angela can access all ur photos"" URL"	1
16973333	489841070818488320	'nine britons and 80 children' feared dead after flight #mh17 'shot down' URL URL	1
8736882	525088864416043008	it was a long, dark day in ottawa. a timeline of the attack: URL #ottawashooting URL	0
732773016	523098334421319680	ebola vaccines? URL #news #today	1
87818409	427780584979836929	marlboro ad man eric lawson dies of chronic lung disease URL @guardianworld	0
26329195	532199717594497024	no baes allowed: a chick-fil-a manager bans 22 hip words URL URL	1
752749796	407290084593913856	rip to the driver who was also killed along with paul walker who no one seems to care about... URL	0
95023423	527162170531151872	a puppy-sized spider was found in south america and is now known as the 'south american goliath birdeater.' URL	0
15976697	542860306603868160	very helpful to know that not only was douche harvard prof ben edelman a racist, but his students were, too==> URL	1
16302129	532007252677656576	*dead* at this list of banned slang by chick-fil-a manager: URL	1
292777349	524950264303075328	canada parliament shooting: - still active shooter - 3 separate shooting sites - multiple gunmen - 1 gunmen dead URL	0
19038934	524925124303396864	parliament hill in lockdown after soldier shot at #ottawa's war memorial, just south of east block.	0
890891	527295015643394048	jose canseco accidentally shot himself in the hand at his las vegas home URL URL	0
18490175	523655026485366784	"wtf. rt @pourmecoffee: hello everyone. ""puppy-sized spider surprises scientist in rainforest"" URL URL"	0
6433472	524991067675189250	update: parliament hill attack: soldier dies of injuries, gunman shot dead URL #ottawashooting URL	0
219937434	515918632178577408	groundbreaking female pilot who bombed #isis is now disowned by her family: URL URL	1
24304852	357300409292959744	lets start by boycotting koch industiers they paid for george zimmerman legal fees #justicefortrayvon #jurorb37 URL	1
1059240924	387237225286479872	"obama administration shuts down amber alert site, blames ""confusion."" don't worry. they're still in charge of your health care."	1
18548136	513015596879867904	@legendgary #hitemup! bad boy c.e.o. @iamdiddy arrested in connection with murder of tupac shakur: ... URL @wethewest	1
972651	80084555733803009	oax: mcdonald's issues official statement on racist sign [updated] URL #seriouslymcdonalds	1
26659703	531183173443801088	"i don't want to live on this planet anymore. rt @juddlegum pepsi is making a doritos-flavored mountain dew: ""dewitos"" URL"	0
6433472	524941504796962816	breaking news photo gallery: parliament hill attacked, soldier shot at national war memorial URL URL	0
64643056	365497016098369536	water leaks at fukushima could contaminate entire pacific ocean URL	1
150627581	539254751343681536	@jjauthor @fingersflying @peddoc63 @chucknellis @waynebogda what happens to witnesses! URL URL	1
16490974	551942365901250560	president's daughter malia obama spotted wearing a pro era t-shirt URL URL	1
14511951	553040930144792576	banksy shares simple but beautiful tribute to charlie hebdo cartoonists URL	1
16973333	536558567206420480	lego letter from the 1970s still offers a powerful message to parents 40 years later URL URL	0
16343974	554886875303780352	french police chief killed himself after #charliehebdo attack URL URL	1
13493302	386682163862986752	"fox: obama offers ""to pay out of his own pocket for the museum of muslim culture."" their source: a satire website URL"	1
16049723	562387516964491265	the way we live is social, connecting people and information all over the world. shouldn't we work the same way? URL	0
104815494	524191650420367360	win: macy's stops stocking sodastream URL #bds #palestine @aicnews URL	1
1367531	524949828711620608	update: one shooter possibly on the loose in #ottawa amid reports of shootings in the city: URL	0
18480977	521789009576476673	breaking: ks patient at risk for ebola: in strict isolation at ku med center in kansas city URL #kwch12	1
22844997	515519742355185664	vaughn foods co-worker who witnessed murder tells #news9 murder suspect alton nolen was shouting islamic phrases. fbi investigating	0
8839632	514098833253748736	breaking: 3 missing afghan soldiers have been found trying to cross the border into canada, senior law enforcement source tells nbc news	0
575853327	514512849876836352	don't put your iphone 6 in your pocket y'all URL URL	1
258856976	504450741126582275	waking up late for pre-game skate in vegas like... #nhl #expansion URL	1
2302467404	548672230134382592	bobby shmurda stabbed to death in jail by cell mate URL URL	1
15791186	523888836456108032	scientist discover a puppy-sized spider in the rainforest, better known as the 'nope' spider URL URL	0
123846927	407169885345943552	r.i.p to the driver who died with paul walker that no one cares about because he wasn’t famous	0
215598844	537913349338435584	this young woman was shot with a nerf bullet by a #ferguson police officer, she lost her eye. URL	0
14885549	519530210795216896	hp confirmed that it's splitting into two companies. and cutting 5,000 jobs. URL $hp URL	0
972651	518924377791164420	hewlett-packard to split pc, printer business from corporate hardware, according to reports URL URL	0
14849562	539833716852273152	who killed deandre joshua - and why? still more questions than answers regarding 20-year-old murdered in ferguson URL	1
807095	543443188934250496	"""one day, we will see our animals again in the eternity of christ,"" pope francis said to a boy whose dog died URL"	1
29233291	356310469390245888	*breaking news* obama administration files federal charges against george zimmerman! #ontheroadtojustice	1
16548023	553061846081896449	banksy's response to the #charliehebdo shooting URL URL	1
742143	521098692326350848	"mexico: iguala mass grave bodies ""not all of missing students"", guerrero state governor says URL URL"	1
16331010	519921456730607616	cops swarm #7thheaven star stephen collins' home after suicide report URL URL	1
1068121346	552457656666185728	this dog was abandoned at a scottish railway station with a suitcase full of his belongings URL URL	0
16973333	549124560793374720	president of argentina adopts jewish godson to 'stop him turning into a werewolf' URL URL	1
19038934	524923341359300608	uniformed canadian soldier shot at war memorial in #ottawa.	0
1570005834	407233172380733441	paul walker's last pic before his death in car accident :'( #rip #paulwalker URL	0
22292529	504441156575297536	looking forward to first matchup between las vegas nhl expansion team and a canadian team URL	1
211346617	524152657783820288	graffiti artist banksy arrested in london; identity revealed - national report | national report URL via @wpusta	1
26347394	525041127343550464	this photo was taken by a tourist at the national war memorial, shortly before nathan cirillo was shot and killed. URL	0
16312576	532231906364911616	the sugarhill gang's big bank hank has died at 57: URL URL	0
2546562188	542320823915536384	ferguson protestor accidentally burns down his own home & blames busy fd for failing to respond to 911 call for help. URL	1
19038934	525024066152169473	corporal nathan cirillo, shot dead at #ottawa war memorial today, was 24. reservist was member of argyll and sutherland highlanders #cdnpoli	0
20177423	407192370040803329	remembering paul walker: URL URL	0
1367531	514106939173634048	#breaking: missing afghan soldiers reportedly found near canadian border URL	0
13918492	544567299102244864	high school student reportedly makes 72 million on stock market. URL @wallstreet @stuyvesanthigh URL	1
26878858	407191144880439298	im still on that paul walker situation i can't believe he died especially in a car.	0
51241574	524976106861236226	"man who saw gunman shoot canadian soldier at war memorial says shooter ""raised his arms in triumph"": URL"	0
37034483	489836441120145408	first pics from the site in ukraine where #mh17 crashed URL URL	1
18359716	567596847330373632	krispy kreme hull is advertising kkk wednesday. i don't know. i do not know. URL	0
1005183901	348203818741272576	'outrage' is an understatement >> irs sent $46,378,040 in refunds to 23,994 ‘unauthorized’ aliens at 1 atl address URL	0
14681605	407184730988097536	my heart goes out to loved ones and fans of paul walker, who died in a car wreck saturday. word is he was a really good dude. #rippaulwalker	0
5695632	552706985087361025	this dog was abandoned at a scottish railway station with a suitcase full of his belongings URL URL	0
16973333	491241885399539712	ukrainian military jet was flying close to #mh17 before it was shot down, says russian officer URL URL	1
42345999	531676808836833280	francis teaches you how to make your own doritos flavored mountain dew! watch: URL then share! :) URL	0
14173315	529434230938284032	vampire bambi? rare fanged deer confirmed in afghanistan after 60 years URL URL	0
635745335	523555724807262208	walmart donates $10,000 to support darren wilson and the on going racist police murders #ferguson #boycottwalmart URL	1
582348811	407217471473451008	paul walker's death keeps getting more ironic... the driver, roger rodas, was a former racecar driver #rip URL	0
2316246829	528389559441444864	"#obama says ""america doesn't want any stay-at-home-moms! enough is enough! #fireobama now! URL URL"	1
58510019	387041762331471872	obama keeps michelle's URL site running despite the shutdown but URL is shutdown because? #spitehouse	1
14094741	531973383198887936	the manager at a chick-fil-a made a list of words his employees are no longer allowed to say. URL URL	1
1022222779	436215971272212480	"""talking angela is a hacker"" ""he's a kidnapper"" ""he watches u through ur camera"" ""he asks about ur personal life"" URL"	1
747398809	524970097711267841	conservative caucas informed soldier shot at war memorial in ottawa this morning has died. a sad development on a shocking day.	0
53110793	531900034863091712	rt @cl_lfc: “@usvsth3m: vladimir putin’s motorcade looks suspiciously like a massive… URL URL ”	1
51241574	507261372313640961	more: tesla motors picks nevada as home of new electric car battery factory, beating 4 other states: URL	0
16973333	525305690257379328	a touching tribute to a fallen soldier URL URL	0
1854274926	522553662996901888	ebola is not real and the only people who have gotten sick are those who got shots fr the red cross URL	1
5695632	509152237503778816	calm yourselves- durex has not come out with a pumpkin spice condom URL URL	1
292777349	525301290218553344	hero: kevin vickers moments after shooting dead canadian parliament attacker - URL / URL	0
14293310	543319210659971073	it’s a dog’s afterlife: pope francis says there’s a place for pets in paradise URL	1
459872442	531565935128498176	hey, it looks like... oh. rt @marc_leibowitz: photo of vladimir putin's motorcade. posted without comment. URL	1
16973333	534278078105944064	we are running out of chocolate, warns world's largest chocolate manufacturer URL URL	1
1367531	555003887753494528	a saudi cleric has declared that the building of snowmen as being anti-islamic. URL	0
21426342	538166788484509696	canadian mayor tells muslim to pound pork. refuses to remove pork from school canteen. URL URL	1
65493023	528976109518721024	obama declares stay-at-home moms aren't worth a hill of beans; says it's a choice 'we don't want americans to... URL	1
15982292	539658034382123008	deandre joshua--shot in the head & torched--was childhood friends w the sole up-close witness to mike brown's murder. URL	1
2883841	530943279161155584	the end is nigh: pepsi is testing doritos-flavored mountain dew. yes, for real: URL	0
22540123	407163869673443328	woke up to news of paul walker's death and a train derailment in the bronx that left at least 4 dead. have to remember how lucky we can be.	0
25073877	501474962935648256	the first general killed in a combat zone since vietnam, it is a travesty that obama did not attend major general harold greene’s funeral	1
1112745398	407192027714322432	hard to believe paul walker died yesterday. no more fast & furious. way too young. #rip URL	0
15791186	517053056211357696	cdc has confirmed that the patient in dallas has tested positive for the ebola virus. we'll have more coming up on khou 11 news at 4 p.m.	0
15438913	525300042207612928	pictured: kevin vickers moments after shooting dead canadian parliament attacker URL URL	0
17679977	524950507023245313	listen to our live special coverage of parliament hill shooting here URL URL	0
23482952	407167928313081856	"""fast & furious"" stars heartbreakingly mourn paul walker's death URL URL"	0
292777349	524965786059026432	breaking news: one soldier has died after ottawa shooting, suspect(s) still at large - URL	0
229139732	519311120914722816	corporations have sold or spun off $1.6 trillion worth of subsidiaries & biz lines this year. URL URL	0
16042794	552615631246622721	dog found abandoned at scottish train station with suitcase of belongings (photo: spca) URL URL	0
29417304	538729383662338049	if darren wilson was paid by @abc it would be a painful reminder that destroying black life remains profitable in america. #ferguson	1
345139292	407213757048160256	r.i.p paul walker.... he died doing what he loved... and that's going fast. URL	0
2883841	407248574099894272	"fast and furious 7 ""delayed"" but ""won't be scrapped"" following paul walker's death: report URL"	0
40076725	407232661107642368	the five movie roles that made us fall in love with paul walker URL #rippaulwalker URL	0
42345999	531648145613398016	making my own doritos flavored mountain dew! URL	0
16973333	534337548680978432	we are running out of chocolate, warns world's largest chocolate manufacturer URL URL	1
1675592408	504109775358287872	@antoniofrench alleged new shooting audio of #michaelbrown / URL	0
543449778	407191058108256257	r.i.p paul walker  he died doing what he loved URL	0
1125937411	516636338679197697	kfc ban wipes because they offend muslims URL ban islam instead, why are there halal only kfc's? URL	1
275686563	407253198395555840	fast & furious 7 might still come out even after paul walker's death URL	0
221939499	505369323922522113	tupac was hiding for 18 years  URL	1
51241574	525040767317082113	more: ottawa shootings suspect identified as michael zehaf-bibeau, 32; unclear if there are other shooters: URL	0
28785486	552661209204260864	dog found abandoned at scottish train station with suitcase filled with it's belongings: URL URL	0
16219269	535579674152148992	fact: florida state university shooter's last facebook status was bible verse (matthew 5:3)..imagine if it was quran: URL	0
24544452	521717368264093696	kristen stewart: reality: URL demented right-wing fantasy: URL	1
16973333	536804445678755840	lego letter from the 1970s still offers a powerful message to parents 40 years later URL URL	0
867212870	407170443443859456	r.i.p. roger rodas, the ceo/racer who died with paul walker yesterday. he was originally from santa ana, el salvador.	0
143145579	536808074431184896	another letter to parents, included in 1970s lego sets URL URL	0
14669951	524227209976745984	up to 34 million green cards and work permits... URL	1
1040889722	407231591191035904	paul walker died too fast, i'm furious.. :/	0
14511951	407181813174788096	paul walker's co-stars take to twitter to share their condolences following his death URL #rippaulwalker #teampw	0
2512264104	501774251901198336	a list of overnight arrests in ferguson shows a much higher number than officials reported URL URL	1
640893	348204426659508226	irs sent $46,378,040 in refunds to 23,994 ‘unauthorized’ aliens at 1 atlanta address | cns news URL via @sharethis	0
56897868	489970164469751808	current passenger breakdown by nationality - via @theage @smh #mh17 URL URL	1
11319582	524317344730869760	banksy proves he hasn't been arrested, puts up new piece in bristol. take a look here: URL URL	1
326637270	407169212428206080	#rip to the driver who died with #paulwalker that no one cares about because he wasn't famous.	0
18058293	532559937269166080	bruh, just chill. did you see the slang words this chick-fil-a manager banned? URL URL	1
18927441	531634492528939008	pepsi is currently taste-testing doritos flavored mountrain dew. would you try it? URL URL	0
15249499	499683602452717569	confirmed: this is irrelevant. rt @ksdknews: confirmed: #mikebrown had no criminal record. URL #ferguson	0
14885549	519131101798100992	hp confirms that it's splitting into two companies. and cutting 5,000 jobs. URL $hp URL	0
1562935142	514395350615203841	reporter charlo green quit on air to start a marijuana business URL will quitting on tv pay off? URL	0
76156485	407275991610818560	paul walker's death brought out the worst in some twitter users. i compiled the stupidity for @vice URL	0
20562637	514540926640087040	the iphone 6 plus really does have a bending problem URL URL	1
14173315	543586319168196608	new dog-ma? pope says heaven is for hounds, too URL URL	1
10252962	524593547807178753	giant puppy-sized spider found in south america said to be world's largest URL URL	0
2836421	521821037726797824	breaking: patient being tested for ebola in kansas URL URL	1
54060157	407209131351629824	we send our deepest condolences to the family and friends of paul walker and roger rodas. URL URL	0
167421802	560207034545889281	how to say ‘i love you’: 1.) have my fries	1
23655688	524929106987991040	breaking: soldier shot at war memorial in ottawa, hill on lockdown, shooter at large URL #ottnews	0
16331010	535315394127728641	raven symone blasts bill cosby rape story URL URL	1
7157132	562093717201616896	madden nfl 15 simulation correctly predicted the super bowl's final score. URL URL	0
759251	514142113601437696	well, this is one way to quit your job. watch alaskan reporter charlo green quit live on air. URL URL	0
935434568	504830161993609216	still waiting for tupac to accept my als ice bucket challenge. bruh, i know you're still alive.	1
342737639	509084603617792001	don't worry ppl #isis isn't a threat to homeland. man wearing body armor with isis flag on it arrested in #texas URL	1
329121956	489798752438583297	malaysia airlines plane mh17 'shot down in ukraine near russian border' URL URL	1
22968158	524950339074523137	dramatic photos from @wcuddington on the scene in ottawa URL URL	0
1367531	427666815842414592	ex-marlboro man dies from smoking -related disease URL via @fox411	0
18622869	387309869080281088	it says a lot about your worldview that you hear obama is donating a muslim museum and it makes sense to you: URL	1
20622594	524881688825167872	after speculation that he’s been arrested, banksy debuts new mural in bristol URL URL	1
19354734	559787890402541568	$500 off your first month in our new mexico city data center? muy bien! URL	1
16973333	534763214106820608	the world is running out of chocolate, world’s largest chocolate manufacturer warns URL URL	1
21889069	536835346932441088	that powerful lego letter to parents about gender and creativity? it's real. URL URL	0
759251	436160836524965891	nestl usa has issued a recall of hot pockets. see the varieties affected: URL	0
243163874	568905632998412288	someone trolled twitter into thinking macklemore joined isis: URL URL	1
1269837428	514150992552931328	florida woman pays $20,000 for third breast | URL URL	1
28785486	518981379963777025	mass grave found in mexico near area where 43 students vanished after a confrontation with police: URL - @thisisfusion	1
14173315	532276370953752576	big bank hank of the sugarhill gang - famous for the 1979 hit 'rappers delight' - dead at 57 URL URL	0
95246658	407185422523977728	so paul walker is still alive ? dead or alive sia ?! #paulwalker URL	0
143145579	553099685888790528	banksy account joins cartoonists support for #charliehebdo #jesuischarlie URL URL	1
292777349	525029684095221760	soldier killed at war memorial identified as cpl. nathan cirillo - URL URL	0
18511475	552146635707666433	rt @xxl: president obama’s daughter wears a pro era t-shirt: URL URL	1
17842366	528607634099015680	#animaloftheday: the first afghan fanged deer was seen in more than 60 years! URL URL	0
22240612	489818014364086273	#mh17 is believed shot down with old soviet-built buk surface-to-air missile system. URL URL	1
1068121346	553115168084074497	this powerful cartoon about the charlie hebdo attack is not by banksy URL URL	1
1652541	518827403452637184	hewlett-packard plans to split into two companies: wsj report URL	0
16887175	510908595144519680	david haines 'beheading': isis release video claiming to show execution of british hostage URL URL	0
311660957	523558773345255424	walmart donates $10,000 to support darren wilson, but won't give tracy morgan a penny for the accident their company caused. #boycottwalmart	1
16675569	514555852351479808	dubbed #bendgate, iphone 6 plus users report the aluminium body is bending in pants pockets URL URL	1
14173315	514478918636535808	portland cops complete delivery after pizza hut driver injured in crash URL URL	0
18510860	407262953533353984	late actor paul walker's admirable history of organizing & participating in international disaster relief missions: URL	0
171667875	557621135320178688	arenal is one of 6 spectacular volcanoes located in #costarica. URL	1
9507342	553186555150749696	it ain't banksy! meet @lucilleclerc, artist behind the iconic #charliehebdo pencil tribute URL URL	1
56851629	356437941641416705	obama has filed federal charges against zimmerman for violating trayvon's civil rights. god is good	1
87818409	510916647373516800	a video has been released by isis apparently showing the murder of british hostage david haines: URL	0
70054190	377519445578895360	ahh!! @jk_rowling has an encyclopedia in the works for #harrypotter!! & #pottermore is now open!! :d URL	1
16973333	528676615207653376	fanged deer spotted in afghanistan for the first time in 65 years URL URL	0
4620451	547803254516490240	will you be able to float on jan. 4, 2015, aka zero g day? hint: no. URL URL	1
1367531	568075025418317826	uk #krispykreme apologizes for 'kkk wednesday' customer promo. URL URL	0
3108351	524998384357486592	canadian government offices are locked down in ottawa after an armed attack: URL URL	0
1367531	507263441359613953	#tesla reportedly selects nevada to build massive $5 billion battery plant URL via @foxcarreport URL	0
21439144	516856061182345216	leicester kfc refusing hand wipes to a customer because they anti islamic. what's next? a separate door for woman? sharia sauce? @kfc arses.	1
286742737	532602376398462976	officials took away this halloween decoration after reports of it being a real suicide victim. 2003 URL	0
749963	527308173112139776	matt taibbi has left first look media. sorry to see him go. a great talent and we wish him well. URL	0
28785486	524685073979678721	meet the south american goliath birdeater -- a spider the size of a puppy: URL URL	0
14216661	524958992330522624	police, bystanders and soldiers rushed in to help after the memorial shooting in ottawa URL URL	0
375721095	525411618231169025	photo: dogs of canadian reservist killed at national war memorial wait for him to return home URL URL	0
107114063	524185876931162112	puppy-sized spider surprises scientist in rainforest @livescience | URL URL	0
279390084	364589696573124609	fukushima: highly radioactive water seeping into the ocean URL	1
2463065714	523123779124600833	boko haram ceasefire includes release of 200+ #bringbackourgirls hostages, nigerian government says URL	1
7309052	427662266993889280	actor who portrayed marlboro man in cigarette ads in late 1970s dies from smoking-related disease: URL	0
428333	504131654810877952	attorney: new audio reveals pause in gunfire when michael brown was shot. URL	0
15754281	504304227246538752	audio may have captured michael brown shooting URL	0
1652541	364383457545162754	highly radioactive water is seeping into the ocean from japan's crippled fukushima nuclear plant URL	1
2883841	532297096356167680	so sad to learn big bank hank has passed away--the sugarhill gang rapper was 57. URL URL	0
953961499	436157173161144321	"""talking angela gets ur personal info"" ""he's a kidnapper"" ""he watches u through ur camera"" URL"	1
18999969	525039784503541760	cpl. nathan cirillo pictured on the left, minutes before he was shot at the war memorial today. #cbcott #ottnews URL	0
428333	518866406512025602	hewlett-packard to split into two companies, wsj says. URL	0
14569869	523123023646175233	the nigerian government says it has secured the release of 200 schoolgirls after agreeing ceasefire with boko haram. URL	1
972651	489836271049928704	could a buk surface-to-air missile system have brought down malaysia airlines flight 17? URL #mh17 URL	1
20003448	295152287901417472	#prayforchristopher 5k run .. well we are walking lol @savannahn_2012 @lemongella URL	0
93879982	538346377794031618	who got violent? pregnant woman shot by #ferguson cop while sitting in car tuesday, loses eye: URL URL	0
221452291	521727831307722753	someone spray painted a penis on a $2.4 mill bugatti URL	1
19636948	514420223873941504	police officers deliver the pie after pizza hut driver injured in crash URL URL	0
2280470022	551117430345711616	news saudi arabia's national airline planning to introduce gender segregation on flights URL URL	1
187179778	519935535083565056	someone spray painted a penis on a 1.9m bugatti veyron URL URL	1
14372486	509466295344304129	microsoft is reportedly buying 'minecraft' developer mojang for $2 billion URL	0
160817572	376874273601630208	once again, jk rowling is not working on an eighth harry potter book. i expect this rumour originated from either the quibbler or trelawney.	1
42921216	499679379820412928	confirmed: #mikebrown had no criminal record. URL #ferguson URL	0
15913	523126268603031552	the stuff of nightmares: this guy ran into a puppy sized spider. in a rainforest. at night. URL URL	0
2779009591	530017051025604609	breaking: huge explosion of an #oil pipeline belonging to @saudi_aramco near sudair, #saudiarabia. URL	1
6017542	525077806401994754	prime minister harper on ottawa attack: 'we will not be intimidated. canada will never be intimidated' - live video URL	0
1379288282	538760398003253248	karma#ferguson protestor accidentally burnsdown own house URL @sheepawoken @youngblkrepub #tcot URL	1
271413771	489798752358916096	malaysia airlines plane mh17 'shot down in ukraine near russian border' URL URL	1
2757239331	506118402466152449	i'm alive, see you soon !	1
166990746	517003426832453633	"let's please remember the victim in the ok beheading, colleen hufford-> rt ""victim was loving grandma"" URL via @nypost"	0
5695632	514468018970034176	iphone 6 plus users are sitting on and bending their enormous new phones URL	1
1239313056	496698590153416704	"""justin bieber ringtone saves russian fisherman from potentially fatal bear attack."""	1
16973333	536962520477470720	that powerful letter from lego to parents from the 1970s? it's real URL URL	0
64643056	554722567224049664	saudi cleric proclaims snowman-building 'anti-islamic' (photos, video) URL URL	0
329121956	489794696013967360	breaking: malaysian airlines passenger 'shot down' near russian border in ukraine URL URL	1
1318598779	407205404075376640	r.i.p to the driver who died with paul walker that no one cares about because he wasn’t famous.	0
17971747	387050178932654080	obama has taken down amber alert website during shutdown, but michelle's let's move site is still up. at least missing kids won't be thirsty	1
237403203	336873759271157760	hasan gets $278k but victims denied army benefits. disgusting waste of tax $$. garnish his wages & send 2 red cross URL	0
23818581	550038665653542913	the president of argentina adopted a jewish teenager to stop him from becoming a werewolf URL URL	1
617825073	501781217411215360	78, not 31, arrested overnight in #ferguson. URL	1
322572436	510906049549705216	breaking news: isis beheads a british hostage david haines in message to america's partners. URL	0
14885549	519348106836860929	hp confirmed that it's splitting into two companies. and cutting 5,000 jobs. URL $hp URL	0
28638191	524312881823637504	google south american goliath birdeater. helllll noooooo	0
14787713	532319110458118144	employee says manager bans slang at chick-fil-a. URL URL	1
1098364164	318263294098030593	a photo of black nurses saving the life of a kkk member. URL	1
14173315	427924694663454720	actor who played marlboro man in ads dies from smoking-related disease URL	0
6433472	427846006600777729	marlboro man dies of smoking-related disease URL URL	0
292777349	524967711492014080	canada parliament shooting: - active shooter - 3 separate shooting sites - 3 injd - multiple gunmen - 1 soldier dead URL	0
19329393	542423103834296323	#selena's killer & former fan club president will not be released early from prison! URL URL	1
271413771	489796998615547904	breaking: malaysia airlines plane 'shot down' travelling from amsterdam to kuala lumpur URL URL	1
24258355	538218607822770176	a pregnant woman lost her eye after getting shot with a police bean bag round while she was in her car in #ferguson: URL	0
1367531	517416417164263424	oklahoma beheading suspect alton nolen ordered held without bond URL URL	0
2467791	489833932813516800	this is the surface-to-air missile ukraine says shot down malaysia airlines plane URL URL	1
94215105	531129816389779456	doritos-flavored mountain dew is a real thing URL URL	0
232901331	387010299536355328	as a former federal agent i find this story hard to believe, even for this white house. URL #spitehouse	1
972651	514148279601606656	starbucks is experimenting with a beer-flavored latte that reportedly tastes like guinness URL	0
230527949	489887806018183168	malaysia airlines executive releases partial list of passengers' nationalities: URL URL #mh17	1
51241574	535474881090322432	more: a law enforcement official says the shooter was myron may, who graduated from florida state: URL	0
1559340594	547807913671405568	pope francis is the real mvp URL	1
2461887810	536871550184869888	that powerful letter from lego to parents from the 1970s? it's real URL URL	0
1438331173	407161635439013888	paul walker dies, millions cried. millions died of human hunger, no one simply gives a fk.	0
428333	507918114567499776	al-shabaab leader ahmed abdi godane killed in monday's u.s. airstrike in somalia, pentagon says. URL	0
171667875	547509900130021377	peek behind the curtain of our save the americans video. URL	1
14669951	427652211414274048	ex-marlboro man dies from smoking-related disease... URL	0
115557718	529857740059860992	dear president obama...it looks like stay-at-home moms vote too.	1
19038934	524991240270807042	police in #ottawa cannot confirm whether gunman shot dead in parliament is the same person that shot and killed soldier at the war memorial,	0
16331010	532275383430041600	sugarhill gang's big bank hank dies at 57 from cancer URL URL	0
20562637	532206910796468224	a chick-fil-a manager allegedly banned this hilarious list of slang words URL URL	1
279390084	538412662858588160	mike brown murder trial witness, #deandrejoshua fatally shot & set on fire after verdict #deandrejoshua URL	1
29417304	538129041539092480	and @abc, please tweet saying that you did not pay or compensate darren wilson for the interview in any way. we're waiting. #ferguson	1
726456445	407174474207731712	still cah believe paul walker died r.i.p paul walker r.i.p brian o'connor r.i.p fast & furious URL	0
180887271	524923293711998976	at the war memorial in. ottawa. a soldier has been shot. they are giving him treatment now. #breaking URL	0
74669397	507634536176300032	if betty white dies today and steals joan's thunder i will unleash a reign of terror upon this nation the likes of which u have never seen!!	1
503238478	356297080169447425	obama files federal charges against george zimmerman  that's myyyyyyy president! yaassssss  praise the lord.	1
17525171	551097831851687938	donna douglas, elly may clampett on ‘beverly hillbillies,’ dies at 81 URL	0
434867400	531108688749404160	news that 'home alone' star macauley culkin is dead has been confirmed as a hoax, he is alive &well. #macauleyculkin URL	1
461275704	407164247768977409	r.i.p to the driver who died with paul walker that no one cares about because he wasn’t famous.	0
24000965	525043936331857923	this photo was taken by a tourist at the national war memorial, shortly before nathan cirillo was shot and killed. URL	0
24000965	525009850104037376	#kevinvickers hailed as hero who took down attacker at parliament hill URL #ottawashooting URL	0
2467791	427944719612915712	ex-marlboro man dies from smoking-related disease URL	0
5695632	552498516225179650	this dog was abandoned at a scottish railway station with a suitcase full of his belongings URL URL	0
774187063	513749585391390720	starbucks is testing a new latte that tastes exactly like guinness: URL URL	0
2883841	507354546041925632	betty white is victim of death hoax after fans misread satirical story about 92-year-old's dye job URL	1
14629315	552112474913136641	president obama’s daughter wears a pro era t-shirt: URL URL	1
30694631	387031585834278912	obama has shut down amber alert website to find missing children but still has fuel economy website up URL	1
15012486	523863683928457216	goliath encounter: puppy-sized spider surprises scientist in rainforest - URL URL	0
16331010	519704006826807296	stephen collins -- cops swarm home after suicide report ... false alarm URL	1
41875694	568589712644026368	why did macklemore delete this tweet!? #macklemorejoinedisis URL	1
6433472	525040836757958657	this photo was taken by a tourist at the national war memorial, shortly before nathan cirillo was shot and killed. URL	0
5695632	531085761521528834	good sweet lord, pepsi is actually testing a doritos-flavored mountain dew URL URL	0
2883841	524699123971534848	we only have one thing to say about that giant goliath birdeater spider: URL URL	0
754485	518620083342835712	mass grave found in mexico town where over 40 students went missing - URL	1
148779151	407177474788057088	r.i.p to the driver that died with paul walker that no one cares about because he wasn't famous.	0
1681324362	520299904934371328	officials took away this halloween decoration after reports of it being a real suicide victim. it is still unknown. URL	0
2461887810	528495998537334785	after an absence of 65 years, the afghan fanged deer has returned URL URL	0
13049362	519867098945044480	someone spray painted a penis on a $2.4 million bugatti veyron: URL URL	1
16973333	489854703321509888	'nine britons, 23 us citizens and 80 children' feared dead after #mh17 jet 'shot down' URL URL	1
2757125954	568580363339091968	macklemore announced today that he has joined isis.	1
13049362	514081464171102208	a florida woman had surgery to give herself a third boob: URL URL	1
6433472	524951893467234304	cxn: 1 gunman shot dead in parliament hill attack, soldier shot in ottawa URL no report soldier dead. #ottawashooting	0
16906137	528357165677817856	"""afghanistan has been through a lot. you know what it needs now? deer with fangs."" -- god URL URL"	0
292777349	524934138563133440	breaking news: cbs reports multiple suspects at large after more than 30 shots fired at canadian parliament - URL	0
15438913	525408908484280321	dogs of canadian reservist killed at national war memorial wait for him to return home URL URL	0
36780425	407218583135997953	r.i.p. to roger rodas, the guy that died with paul walker. he's human too URL	0
17878322	521790189715615744	stop believing what you see on facebook. rt @lilduval: so ebola was found in hair extensions? all my bitches wear weave 	1
119482229	504478567062056962	report: toronto, seattle, quebec city to join vegas in 2017 nhl expansion: URL	1
15669672	516978780171436032	okla beheading victim colleen hufford, rest in peace #beheading #jihad #jahkeemyisrael URL URL	0
1379288282	563123548857053184	texasfirst islamic tribunal in ussharia lawin americamust stop URL @_fritobandito_ @amymek URL	1
8936082	524211911668543488	"that old ""banksy arrested"" hoax is back. don't buy into it. URL"	1
3060631	407182194206322689	the motoring world responds to paul walker's death URL URL	0
34310801	521835345059389440	north korea media says kim jong un has made appearance after 40+ days missing: URL URL	1
6017542	514100169307348992	reports: missing afghan soldiers found trying to cross into canada, source says -@wcvb, @7news, @nbcnews URL (fixes typo)	0
1068121346	531833233143783424	no, vladimir putin has not been driving round in a motorcade shaped like a penis URL URL	1
14173315	506784541696991232	47 days after his plane was shot down over ukraine, #mh17 pilot laid to rest URL URL	1
15464697	531161914689482752	"confirmed: pepsico is making a doritos-flavored mountain dew called ""dewitos"" URL URL"	0
166889771	436001434212249600	talking angela is an app that has been hacked and asks for you personal information. spread the word URL	1
271413771	489796088338341888	breaking: malaysia airlines plane 'shot down' was carrying 295 people URL URL	1
3108351	490080544949276672	ukraine officials say malaysia plane #mh17 was shot down by a buk missile system URL URL	1
972651	520284654755381249	report: amazon plans to open its first physical store, in new york URL	1
110445334	517487705978966016	d.a. to seek death in #moore, #oklahoma beheading case. #altonnolen #kellyfile URL	0
954124423	516804849619705859	coming 2 america soon! .@kfc bans alcohol-based wet wipes so #muslims aren’t offended URL #tcot URL	1
16973333	536547921542791170	lego letter from the 1970s still offers a powerful message to parents 40 years later URL URL	0
1620343501	524144369235140608	graffiti artist banksy arrested in london; identity revealed - national report | national report URL	1
331311644	524646141938647043	after the fake news of banksy being arrested and unmasked, the real banksy has shockingly revealed himself! URL	1
1630896181	489816746405007360	first photo from the malaysia airlines crash site in ukraine. via @reuters URL #mh17 URL	1
16973333	537006518118273025	that powerful, 40-year-old letter from lego to parents? it's real URL URL	0
87940072	523535962962280448	currently boycotting walmart & sam's on w. florissant they donated 10,000 to darren wilson!!!!!! cars are turning around! #fergusonoctober	1
130834875	504771233557147648	maybe tupac is alive and we're dead.	1
30408682	407237676350185475	@realpaulwalker died in a fiery car crash. @fastfurious filmmakers will commemorate his legacy by dedicating the next six sequels to him.	0
292777349	524948703850029056	breaking news: ottawa police confirm at least 3 separate shooting sites and multiple suspects - URL	0
15439395	334722003057647616	this is just about the weirdest fetish i've ever heard of. what was he thinking of? (via @elvis717) URL	1
19743731	524320261667950592	i feel some type of way. URL	1
972651	407212665350942720	'fast and furious' cast mourns paul walker's death URL	0
556151596	527138218505175040	pope francis again appears to suggest progress, but just makes false claims, as his religious belief requires of him URL	0
3108351	489974591985840128	ukraine officials say malaysian jet was shot down by a buk missile system URL #mh17 URL	1
70024758	540643709465812992	facebook spies on you for the government: URL	1
428333	527286846347567104	former baseball slugger jose canseco accidentally shot himself in the left hand, police say. URL	0
93637779	513922322915282945	three of five detainees swapped are now isis leaders claims URL URL URL	1
14934818	407169699559247872	celebrities, friends and co-stars react to paul walker's tragic death. #rippaulwalker URL URL	0
1367531	524962676665888769	update: 'most of downtown #ottawa is in lockdown,' police say: URL	0
51241574	524988712367955970	more: canadian soldier shot at war memorial has died; one of three suspected gunmen also dead, police say: URL	0
16664681	526459255147491328	judd nelson didn't die last night. he sent us this photo to debunk the rumor. URL URL	1
292777349	524976980799000578	breaking news: ottawa police confirm to abc news they are looking for 3 suspects, one has been 'dealt with' - URL	0
106514999	514483762566922240	iphone 6 users report that their phones are bending in their pockets... lol. URL URL	1
17004618	523943647449198592	now he's a one-handed scientist rt @cbsnews: puppy-sized spider surprises scientist in rainforest URL	0
34739186	407205009676587009	the sudden & tragic death of #paulwalker reminds us that we shouldn't take even a moment for granted bc it can be over in a blink #sosad	0
601076863	529747368087126019	wth?! michelle obama tells black ppl they can go eat fried chicken after they vote. just when u thought she could not be more ghetto.	0
39585367	523820806917603328	researcher @naskrecki on his encounter with a goliath birdeater, the world's largest spider URL URL	0
19426551	563117355254161408	.@eamaddennfl successfully predicted the final score of #sb49. yes, it's true: URL URL	0
16973333	534364937939062784	we are running out of chocolate, warns world's largest chocolate manufacturer URL URL	1
1367531	510931521306243072	update: uk prime minister david #cameron describes apparent beheading of david #haines as 'an act of pure evil' URL	0
18999969	524977992683237376	shooting investigation going on for more than 3 hours. much of downtown ottawa still in lockdown: URL #cbcott #ottnews	0
15739391	528240834660298753	"wow. obama disses stay at home moms. ""that’s not a choice we want americans to make."" URL"	1
279390084	372914976102834176	fukushima reactors leaking into groundwater, can't be stopped from getting in ocean, buildings now on mushy land URL	1
830115948	407258075502899200	this is the driver that died in the accident with paul walker. don't forget about him just because he's not famous. URL	0
20012204	407159686786732032	paul walker's fast and the furious costars and more react to the actor's tragic death: URL	0
2467791	528562608463704064	fanged deer pops up in afghanistan, 60 years after its last appearance URL URL	0
972651	80080680482123777	eriously? racist mcdonald’s sign is obviously a hoax - URL	1
52146755	524291188422356993	adam we should do a test with this spider! ...adam? URL URL	0
275796851	407217865973329920	rip roger rodas, the man who died with paul walker. #rippaulwalker #riprogerrodas URL	0
1138569926	510286132568150016	detroit niggas are savages they stole the batmobile. URL	1
373791638	539813330983354368	they found him shot dead and burned in his car after the #ferguson chaos. what happened to deandre joshua: URL	1
18927441	527947775905103872	seth rogen has been cast as steve wozniak in the steve jobs biopic starring christian bale. URL URL	0
27754737	348209998565879810	"paula deen: ""forget the food network. i've already been offered a cooking show on the new fox news food channel."""	1
143145579	536991428694376448	another letter to parents, included in 1970s lego sets URL URL	0
16973333	553115236992290816	banksy's illustrated response to the charlie hebdo attack isn't by banksy. but it is striking URL URL	1
2467791	528237933661544448	fanged deer pops up in afghanistan, 60 years after its last appearance URL URL	0
272395158	572002458647412736	now: 12-year-old conservative cj pearson defends giuliani's comments on obama and his facebook gets shut down! URL	1
16529238	547158281005719552	subaru gets snowbound police back on patrol. #dontletwinterwin URL	1
428333	524976526891417600	the canadian soldier shot at the war memorial in ottawa has died, according to two members of parliament. live blog: URL	0
25589776	551120768164462592	donna douglas, star of the beverly hillbillies, has passed away at 81 URL URL	0
216299334	524186749002473472	breaking news: banksy not arrested, cover not blown.	1
1367531	510918747188514816	breaking: video claims to show beheading of british aid worker david haines by #isis.	0
2902487916	547101266313089024	oprah: “bill cosby drugged & tried to rape me”  URL	1
110445334	517850508380618752	#oklahoma prosecutor files formal notification that he will seek death penalty for beheading suspect #altonnolen. #kellyfile	0
2883841	570405783306944514	jamie dornan leaving fifty shades of grey?! yeah, not so much: URL	1
57917441	565999191982616577	"let's let our friends know that a state senator in south carolina stated ""women are a lesser cut of meat"" #chewonthis URL"	0
58524428	523939598691741696	cool dog! mt @cbsnews: goliath encounter: puppy-sized spider surprises scientist in rainforest URL URL	0
279390084	372901260183494656	fukushima – toxic water leak a level 3 serious incident URL fuck you tepco! fucking ocean is boiling!!! #yan	1
495605961	407229989902225408	his movies brought thrills and laughter to millions. can't believe he died in car crash rip paul walker URL	0
2883841	551099691702956032	rip elly may clampett: so sad to learn #beverlyhillbillies star donna douglas has passed away. URL	0
279390084	427831952826449920	ex-marlboro man dies from smoking-related disease - URL	0
14166714	568452856224747520	#macklemorejoinedisis	1
28785486	555072815154475008	69 people die after drinking beer believed to have been poisoned with crocodile bile in mozambique: URL	1
97994396	387030572779847680	non-essential services shutdown? can someone explain to me how URL is essential while URL is not?	1
19329393	542600886653292545	icymi, #selena's killer & former fan club president will not be released early from prison! URL URL	1
167421802	559863517151784960	a good relationship:  calls you to just say hi  wants to see you  brings you bk	1
50434933	470025166760980483	where is michelle obama’s hashtag for meriam ibrahim? she’s pregnant and sentenced to die URL URL	1
21660529	504453071041482753	report: #nhl expansion to las vegas ‘a done deal’ URL URL	1
25073877	519962130859429888	the fight against isis starts at our border. ‘at least’ 10 isis have been caught crossing the mexico border. build a wall!	1
16973333	534303066867367937	we are running out of chocolate, warns world's largest chocolate manufacturer URL URL	1
972651	489867900296368129	"pro-russian rebel leader in leaked audio: ""cossacks"" shot down the plane URL #mh17 URL"	1
28785486	525134787778850818	meet the south american goliath birdeater -- a spider the size of a puppy: URL URL	0
15012486	524959836778536961	update: ottawa police confirm gunman in canada shooting shot and killed. search on for possible additional gunmen. URL	0
14511951	532275347413544961	sugarhill gang's big bank hank dies at 57 URL URL	0
59553554	560474897013415936	for just $1 you can get a free jr. frosty with every 2015 purchase! get a frosty key tag now & help support @dtfa. URL	1
6017542	509464271118688257	source: microsoft in discussions to buy 'minecraft' maker mojang for more than $2 billion - @wsj URL	0
3108351	519112613800972288	in announcing split, hewlett-packard also boosted the number of its expected layoffs by 5,000 to 55,000. URL $hpq	0
14173315	387220814531395584	amber alert website, which shows critical missing children bulletins, is offline due to government shutdown URL	1
1367531	524935769614331904	update: reports of gunfire inside the halls of the canadian parliament building in #ottawa: URL	0
430048955	514451906211893248	oregon police officers step in and make delivery after pizza hut driver gets injured in a car crash: URL #odd	0
1635754086	380055172896272384	"a city in louisiana has made ""twerking"" illegal, imposing a punishment of 30 days in jail for a first offense"	1
2097571	491200302365040640	who shot down the plane? where are the black boxes? 8 unanswered questions from #mh17: URL URL	1
759251	491591245152935936	"a russian officer ""pushed that button deliberately"" & shot down #mh17, ukrainian gov. says: URL URL"	1
356434482	534543768653807618	wtf? community agitator obama secretly met w/ ferguson activists & told them to stay on course URL URL	1
170886667	91728807081426944	psa please do not drink any pepsi soda, a worker from that company has put blood contaminated with aids inside the bottles!!! please rt!!	1
15012486	489820657291911168	reported photographs from malaysia airlines #mh17 crash: URL URL	1
29417304	537377960471166976	y'all, i just read that abc paid darren wilson $500k for the interview. destroying black life remains a lucrative american career. #ferguson	1
8839632	489874311143260160	.@vp biden: malaysia airlines #mh17 was 'shot down not an accident. blown out of the sky.' URL	1
44317593	549599086073368576	argentina's president adopted a jewish boy to save him from life as a werewolf URL URL	1
292777349	534205316620382208	disease spread by bugs that bite your face as you sleep is found in the us URL URL	0
14511951	507454543169617920	no, internet, betty white is not dead URL (photo: getty) URL	1
129051309	553008832784642048	banksy shares simple but beautiful tribute to charlie hebdo cartoonists URL URL	1
28886934	532851585408593920	disney are making their first movie to feature two gay princes who fall in love, amazing.	1
26643566	553271856786968576	malia obama wears t shirt of an anti white anti cop rap group. #nypd URL #barbaraboxer #respectformuslims #blackprivilege	1
25701904	407167258452971520	paul walker mourned by vin diesel and more 'fast & furious' co-stars URL #rippaulwalker URL	0
1379288282	561952533942661120	islamic tribunal in texas operating under sharia lawwtf is this@lodisilverado @amymek #tcot URL URL	1
203123011	524933380929245184	developing story: shots fired on parliament hill, soldier shot at war memorial URL #ottawa URL	0
16887175	524181699043663872	calm down everyone, banksy hasn't been arrested #banksy URL URL	1
628318484	407198615137181696	r.i.p roger rodas the man who died with paul walker that everybody forgot about.. #rippaulwalker #riprogerrodas URL	0
1379288282	560163341524807680	islamic tribunal in texas operating under sharia law@db10524 @lodisilverado @amymek #tcot URL URL	1
17379685	407182466613792768	"fan of ""fast & furious"" actor paul walker shocked by his death as memorial grows URL URL"	0
759251	490141776984825856	u.s intel: missile that hit #mh17 was most likely fired by pro-russian separatists. details: URL URL	1
14849562	504244627680272384	cnn: new audio reveals 10 shots fired at michael brown. cluster of 6... a pause... and then 4 more URL	0
14780915	532276693931945984	sugarhill gang rapper big bank hank has died at the age of 57. read about his legacy and contribution to hip hop: URL	0
18999969	525024181218725888	cpl. nathan cirillo, 24, identified as the soldier who was shot, killed at the war memorial today. #cbcott #ottnews URL	0
15750898	532259028152246272	chick-fil-a manager reportedly bans list of unprofessional words, internet erupts: URL URL	1
759251	524976963862429697	the canadian soldier shot at the war memorial has died, officials reported. URL #ottawashooting URL	0
109065990	554597409351671808	police chief investigating #charliehebdo reportedly killed himself while preparing report on terror attack... hmm... URL	1
2313227480	528242965915779072	officials took away this halloween decoration after reports of it being a real suicide victim. 2003 URL	0
21416670	504652021601800193	#icebucketchallenge donations exceed $94 million. thank you for your support! URL	1
16973333	536849906997415936	this lego letter from the 1970s still offers a powerful message to parents 40 years later URL URL	0
271413771	489794593580650497	breaking: malaysia airlines passenger 'shot down' near russian border in ukraine URL URL	1
6433472	525033697045925888	ottawa shooting: how events unfolded, first shots fired at 9:52 a.m. at the war memorial URL URL	0
24138795	532203605236154368	rest in peace: big bank hank of sugarhill gang dead at 57 URL URL	0
322572436	539052152602107904	breaking: gill rosenberg (31) from tel aviv former idf soldier was captured by isis after going to iraq to join kurds & fight isis - ch 2	1
807095	519275971758026752	hewlett-packard will split into two companies to adapt to a changing technology landscape URL	0
16973333	534678919656775680	the world is running out of chocolate, world’s largest chocolate manufacturer warns URL URL	1
17469289	524586367456919552	scientist releases this horrifying picture of a puppy-sized spider he found in the rainforest URL URL	0
15937499	356407105953071107	just in... @barackobama & department of justice file federal charges against #georgezimmerman	1
2883841	380140114552188928	"can twerking in louisiana really get you a ""mandatory 30 days in jail""?! URL"	1
14319981	560442390805090307	drift into a peaceful slumber w/@thejeffbridges' new #sleepingtapes album. listen now at URL #om URL	1
14166714	568568737621630977	i can't believe macklemore has joined isis. what a pity #macklemorejoinedisis	1
571107566	436089462326849536	omfg read this its my personal experience with talking angela URL	1
109065990	351767344097398785	expect to see russian forces at us events to provide “security” - this is illegal under posse comitatus! URL	1
6017542	524961908903149568	2 new victims en route to ottawa hospital; 1 shot, both non-life-threatening, hospital says - @michaelctv, @cbcnews URL	0
9763482	514072132301910016	"a florida woman had surgery to add a third breast to make herself ""unatttractive to men."" URL URL"	1
35216399	560873850846846978	come on texas! what's up with this? confirmed islamic tribunal using sharia law in texas URL URL	1
166329578	504131150429061121	breaking: fbi uncovers new audio from neighbor on skype, lawyer counts 11 shots #mikebrown URL URL	0
51241574	554979642210549760	mozambique death toll rises to 72 from beer believed to have been poisoned with crocodile bile: URL	1
167421802	560414522758799361	breakfast all around. URL	1
17244228	537355288295518210	darren wilson got $500k from abc for interview, plus $500k for donations... he is a killer millionaire, literally	1
1017637447	566089610485579776	sc state senator also opposes bill that would make it harder for domestic abusers to own guns: URL URL	0
5695632	513779458340569088	starbucks is testing a new latte that tastes exactly like guinness URL	0
2507295473	539115704285270017	obama daughter is not pregnant. now when obama get the internet shut down on some olivia type time, we all gonna be sick	1
469194846	515538937058971648	update: photo of suspect, alton nolen, in moore, okla. beheading released. URL URL	0
2789038870	553190393370923008	powerful image, yes. but it was drawn by @lucilleclerc, not by banksy. details: URL #charliehebdo URL	1
1367531	551575491430211584	19-year-old girl wakes up during brain surgery, asks doctors ‘how’s it going?’ URL via @foxnewshealth	0
22179997	407254590363426816	"fast and furious 7 ""delayed"" but ""won't be scrapped"" following paul walker's death: report URL"	0
174172366	505657661120348163	"15 year old ""swatter"" got 25 years URL"	1
7452872	519868410599993344	thumbs up emoji rt @complexmag someone spray painted a penis on a $2.4 million bugatti veyron: URL URL	1
3108351	365276206381268995	japan: fukushima nuclear plant is leaking 80,000 gallons of radioactive water into ocean daily. URL	1
14173315	504387128013246465	fbi probing alleged audio of michael brown shooting URL URL	0
29873662	514517213022543872	2,000,000 views incoming… rt @unboxtherapy: iphone 6 plus bend test - URL	1
2371458720	495583434954514432	"bird pooped on #putin when he was saying ""violence begets violence"" at the opening of monument to the 1st world war. URL"	1
15012486	522321383716818944	texas health officials say 2nd person to test positive for ebola at dallas hospital did treat thomas eric duncan: URL	0
944425148	523562674487975937	#walmart donates $10,000 to #darrenwilson fund to continue police racial profiling, brutality, murder of black ppl URL	1
39364684	265953285247209472	deep-fried left wings demo-crab cakes barack-amole & chips malia quesadillas hawaiian pizza sloppy joe bidens obamacare-rot cake	1
328810158	504433135036407808	gonna be unreal when las vegas goes undefeated at home every year........ #nhl #expansion	1
416418985	536105045545472000	a letter from @lego_group in the 1970s, boxed in with the toys via @s8mb @hfdsp #gender #equality URL	0
16343974	553136604882014208	‘banksy’ instagram tribute to #charliehebdo victims not posted by artist URL (pic: lucille clerc) URL	1
8953122	387353560356118528	a claim that #obama used the #shutdown to scuttle the amber alert system reveals an ignorance about amber alerts. URL	1
21291400	553103772852191233	the image that everyone is sharing isn't by banksy — but it's awesome. #charliehebdo URL URL	1
1059240924	387236601450864641	white house #shutdown URL , but are posting alerts on him getting a sandwich. URL	1
1652541	508002575858561024	pentagon confirms ahmed abdi godane, a leader of the al shabaab islamist group, was killed in a u.s. airstrike: URL	0
17469289	532284831783460864	irritated chick-fil-a manager makes a list of teen slang his employees are forbidden to use URL URL	1
115486770	372489152903643136	fukushima now in state of emergency, leaking 300 tons of radioactive water into the ocean daily learn more: URL	1
271413771	489798219283857408	ukrainian minister says rebels shot down #mh17 malaysia airlines plane URL URL	1
14511951	510916725953417218	just in: isis video claims to show beheading of british citizen URL	0
18208354	450341615979069440	"""@dangerburgundy: @joerogan what...successful clone of dinosaurs URL "" holy shit, is that real?"	1
14293310	514495841600811009	iphone 6 owners claim it's bending in their pockets URL	1
14173315	501768276523761666	a list of overnight arrests in ferguson shows a much higher number than officials reported URL URL	1
807095	531659884430106624	in new york city, marijuana may mean ticket, not arrest URL	0
1652541	534445263528947712	missouri governor declares state of emergency ahead of grand jury URL	1
15754281	551106793959862272	"max baer describes donna douglas as ""elly may until the day she died"": URL (cbs) URL"	0
20012204	407162181059612672	paul walker died at the age of 40 saturday. our hearts go out to his family and friends: URL	0
16630960	535474861616148480	breaking: fsu shooter identified as myron may, a lawyer who graduated from fsu before attending texas tech's law school. #fsushooting	0
64643056	519375764165509121	#viral: mexico mass grave discovered after student protesters go missing URL URL	1
44688778	407173794583695360	paul walker's genuinely admirable history of organizing & participating in international disaster relief missions: URL	0
22968158	524979548195024898	surreal photos out of ottawa: this is a vip being escorted on sparks street URL URL	0
99028224	524952094986350592	our thoughts and prayers are with the canadian soldier shot while guarding the national war memorial in ottawa. #ableg #cdnpoli	0
6017542	551082055883563008	family says 'beverly hillbillies' actress donna douglas is dead at age 81 - @nbc12 URL	0
11740172	504243239084236800	new audio recording reveals shots, pause, more shots at mike brown killing.more shots than 6 fired. URL	0
28785486	574004164570841088	oregon community helps mother after boy punished for being tardy due to vehicle problems: URL URL	0
2461887810	536826622725218304	that powerful lego letter to parents from the 1970s? it's real URL URL	0
143257853	428366153149194240	#obamacare will soon require you to get an rfid chip implanted into your skin to monitor and track you.	1
15755669	554688527435563008	tragic: nearly 70 people died at a funeral after drinking contaminated beer: URL URL	1
12579352	514508854990999553	apple fans' tight pants are bending the iphone 6 plus URL #bendghazi URL	1
237403203	482880640560271361	religious subjugation? u.s. troops in bahrain getting ramadan training. URL #tcot	1
16973333	532284428542681088	no, vladimir putin did not travel in a phallic motorcade formation URL URL	1
382376904	501785003144273921	nbc: arrest records show #ferguson cops jailed twice as many people last night as they originally claimed. URL	1
24000965	524930671220105216	developing news: soldier shot at war memorial. watch cbc nn for coverage. or follow online: URL URL	0
2467791	528312406498635777	fanged deer pops up in afghanistan, 60 years after its last appearance URL URL	0
6433472	524928878075457536	soldier shot at national war memorial in ottawa URL URL	0
18999969	524947149134774272	updated | attacker shot dead in parliament after soldier shot at national war memorial: URL #cbcott #ottnews	0
892675814	407236151167025152	r.i.p to the driver that died with paul walker that no one cares about because he wasn't famous.	0
26853224	407269894938718208	tmz posted this two days before paul walker died ..... #illuminati URL	0
9397732	510922415468449792	awful mt @scclemons:uk aid worker david haines beheaded by #isis remember this great man this way not as isis wants URL	0
216579173	407189015582887936	rip roger rodas the man who died with paul walker in the fatal car crash #dontforgethim URL	0
14075928	273278761909239808	42 million dead in bloodiest black friday weekend on record URL	1
1430400949	524178388282802176	no, banksy hasn’t actually been arrested URL URL	1
14511951	514546272972574721	if you put an iphone 6 in your pocket, it may not come out the same shape URL	1
2467791	489800427152879616	malaysia airlines says it lost contact with plane that was flying in ukrainian airspace URL URL	1
23482952	407279190913069056	fast & furious franchise responds to paul walker's death: URL URL	0
28785486	552568163431247873	dog found abandoned at scottish train station with suitcase filled with it's belongings: URL URL	0
954124423	521496155310796800	move! get out! dumbass! kristen stewart trashes our #military, defends 9/11 terrorists URL #tcot URL	1
972651	489902412900343809	update: rebel leader in recorded call: we just shot down a plane (english subtitles) URL #mh17 URL	1
586032653	553016500492439552	great @banksy homage to charlie hebdo victims: rt @kowalshki: nice work from banksy #jesuischarlie URL	1
67973271	516729950091493376	"on cnn alton nolen's mother (the oklahoma man who beheaded a coworker) said ""there are two sides to every story!"" he cut a woman's head off!"	0
18208354	523026678419714048	man walks in south american rainforest at night, sees spider the size of a small puppy URL	0
25470710	504106473467944960	this audio tape played on #cnn seems to corroborate witness accounts that #darrenwilson kept shooting after #michaelbrown tried to surrender	0
51241574	507257950868885504	breaking: ap source: tesla motors has selected nevada as site for $5b electric car battery factory.	0
2565473791	506656271517622272	cant believe tupac is still alive URL	1
40076725	407176873605865472	new info on the crash that killed paul walker URL #rippaulwalker	0
17469289	544154048950435840	today's cover: meet the teen who's made $72 million trading stocks on his lunch breaks URL URL	1
20402945	507242819623587841	breaking: tesla to choose nevada for gigafactory, sources tell cnbc. URL	0
20012204	407211258304552960	paul walker was doing good and giving back on the day of his tragic death: URL	0
292777349	527272948680622080	update: police confirm former baseball star jose canseco shot himself in his left hand in an accidental shooting - cnn	0
292777349	514098803347951616	breaking news: the 3 missing afghan soldiers have been found trying to cross into canada at the rainbow bridge in niagara falls. ny. nbc	0
239825437	524176293450223616	banksy has not been arrested: internet falls for hoax report: URL URL	1
270064609	528822281972498432	fanged deer spotted in afghanistan for the first time in 65yrs URL rt @independent mt @thewcs cc URL	0
138102228	495366618818830336	#riphulkhogan my heart is ripping like your shirt. wwe'll miss you.	1
1077446982	386998038004113409	this is a new low. obama spent money to close natl parks but shut down the amber alert website. look for yourself: URL	1
1496971	407197672702214144	prayers to our friend, tyrese. his emotional message about paul walker got us choked up... URL	0
51241574	407192126032986112	"ap video: police say speed was a factor in an l.a. crash that killed 2, including ""fast & furious"" actor paul walker: URL"	0
28785486	551123464640536576	donna douglas, known for role as elly may clampett on 'the beverly hillbillies', dies: URL URL	0
775716812	407253554039386112	tyrese at the crash site, where paul walker died, i proper feel for him URL	0
14511951	427690961280696320	man who portrayed the marlboro man in the 1970s dies from smoking-related disease URL	0
1910701892	553098571323437056	banksy's take on charlie hebdo is simple, elegant & uncompromising #jesuischarlie URL	1
64643056	366205297557110784	details: radioactive water from under #fukushima has risen 60cm above protective barrier, freely leaking to ocean URL	1
1068121346	536504515843727361	this letter to parents from a 1970s lego set is years ahead of its time URL URL	0
24258355	538975342011363328	ugh. abc reportedly paid #darrenwilson a 'mid to high' six figure fee for his interview: URL ht @senorchompers #ferguson	1
19038934	524928119955013632	police say they have located car belonging to suspect in #ottawa shooting. uniformed soldier shot at war memorial, condition unknown.	0
14849562	538851683141304320	lots of tweets that darren wilson paid by abc for interview. abc told @brianstelter not true & i've seen no credible reporting to contrary	1
3108351	524935246647926784	shots were fired at canada's national war memorial in ottawa and a ceremonial guard was shot, police say. URL	0
21845346	436157398269849602	"hot pockets recall involves meat from place fda says ""processed diseased and unsound animals. URL URL"	0
143145579	532106726539939841	vladimir putin’s motorcade as seen from the air. URL URL	1
732773016	525711899359318016	cdc whistleblower exposes ebola vaccinations containing rfid chips | national report URL via @wpusta	1
157627966	407213772328022016	fast and furious star paul walker dead in car crash. what next, samuel l jackson killed by snakes on a plane?	0
2890961	514517470238240768	and here's a guy bending an iphone 6 plus with his bare hands URL URL	1
6433472	524946179390701568	latest update: attacker shot dead in parliament after soldier shot at national war memorial URL URL	0
91038197	387007120689737729	by all means, let's turn over healthcare decision making to people willing to shut down the amber alert website out of spite.	1
14173315	427762638274437120	actor who played marlboro man in ads dies from smoking-related disease URL	0
16675569	489968646014246912	here's the passenger breakdown by nationality: URL #mh17 URL	1
19354734	535507913226190849	if you need to get your data down under, our melbourne data center will make an aussie out of you yet.  URL	1
16973333	524168442841010176	no, banksy has not been arrested - this story is a hoax URL URL	1
16331010	497073936077959169	#breaking: justin bieber thwarts bear attack!! URL URL	1
21702988	407206094747209728	r.i.p to roger rodas who died alongside paul walker URL	0
14075928	358591089462099968	this week's top story: george zimmerman wins florida state lottery URL	1
14511951	407163499723624449	paul walker died shortly after attending a charity event for his organization reach out worldwide URL	0
119384138	570341828479725570	confirmed: jamie dornan not leaving fifty shades of grey #fiftyshades #jamiedornan URL URL	1
138749160	532281981795848192	manager bans teen slang from work including 'chill'. adds stop accusing people of having ebola URL URL	1
1367531	551106923601219585	goodbye elly may: 'beverly hillbillies' star donna douglas dead at 81, reports say. URL URL	0
249219716	387281927427727360	never thought i’d see the day when obama would play politics with kids. URL #pjnet URL	1
18999969	525005886272843776	kevin vickers hailed as hero who took down attacker at parliament hill: URL #cbcott #ottnews URL	0
51241574	551159366876147714	donna douglas, who played buxom tomboy elly may clampett on the 1960s sitcom 'the beverly hillbillies,' has died: URL	0
15754281	551103664124100608	"donna douglas, who played elly may on ""beverly hillbillies,"" has died at 81: URL (bill haber, ap) URL"	0
15163466	519965814175567872	a vandal painted a brilliantly simple penis on a $2 million bugatti veyron ( URL ) URL	1
28785486	562313802369073153	annual simulated 'madden' game made several accurate #sb49 predictions, including final score: URL URL	0
14861285	514429381737852929	some iphone 6 plus owners accidentally bending their iphones in pockets URL by @kellyhodgkins	1
19636948	524929796862918656	soldier shot at national war memorial in ottawa URL URL	0
772050240	568571403756294144	horrified at news that macklemore has joined isis #macklemorejoinedisis URL	1
23482952	514057033419849728	"alaskan reporter says ""f*ck this,"" quits on live tv in marijuana legalization protest: URL URL"	0
15428397	524263570985340928	goliath encounter: puppy-sized spider surprises scientist in rainforest @beargrylls @midnight URL URL	0
25589776	407179055763836928	did speed play a part in paul walker's death? URL	0
46146200	509473920060104704	microsoft to buy mojang - report URL $2 billion deal could be signed this week URL	0
22179997	407193347279699968	"remembering paul walker: fast and furious star was ""so happy"" hours before his tragic death URL"	0
759251	544698560655400961	the story of a 17-year-old stock whiz with a rumored net worth of $72 million made a splash, but quickly unraveled. URL	1
156743986	501760566160289794	78 were arrested overnight in ferguson, more than double the total reported by authorities URL URL	1
51241574	554343513887105024	a traditional beer that authorities believe was poisoned with crocodile bile has killed 56 people in mozambique: URL	1
2425231	377002232257855488	j.k. rowling is working on an 8th harry potter book.	1
6433472	524944881941495809	update: attacker shot dead in parliament after soldier shot at war memorial URL #ottawashooting URL	0
68577152	507557659206516736	betty white never die she my lady still i never have the sex with her	1
121656624	511918957255991296	three of five detainees swapped are now isis leaders: URL #talibanswap #tcot #ccot #usa #bowie URL	1
19354734	553264892799488000	three more passport stamps, three more data centers. give a big welcome to tokyo, mexico city and frankfurt.  URL	1
29417304	538724882461097986	hey @abc, why won't you tweet a statement saying that you did not pay or compensate darren wilson for the interview? why silent? #ferguson	1
30488144	538930446814703616	abc reportedly gave darren wilson 6-figures for an interview. if true, they essentially paid the bounty for killing a black child. #ferguson	1
279390084	501774615837163521	list of overnight arrests in #ferguson much higher than officials reported URL URL via @fergusonunity	1
134838249	407264593027670016	rip to the driver roger that died with paul walker that no one talks about because he wasn't famous. URL	0
16973333	553169307824177152	banksy's response to the #charliehebdo attack isn't by banksy. but it is striking: URL URL	1
